Watching Neighbours on Sky+ catching up with the Neighbs!! Xxx _Ù÷Ä_Ù÷Ä_Ù÷Ä_ÙÔÎ_ÙÈ_ÙÔ_ÙÈ Xxx,

Ive seen people on the train with lamps chairs tvs etc https://t.co/w6zf4pVM4I,

@_Aphmau_ the pic defines all mcd fangirls/fanboys and mcd shippers xD,

@Evielady just how lovely is the tree this year! Never seen it as gorgeous as this #Autumn #colour,

https://t.co/EROGWTFTYo It's a glow of satisfaction re The Glow https://t.co/7RdyMCVPKx,

@giannaaa28 lmao _Ù÷â_Ù÷â dude I'm hella scared for next episode bc the ending to yesterday's,

@CraftYear2015 @isabelpascual thank you for the retweets,

All the girls went to sleep and the guys just sat in the floor and watched us_Ù÷â_Ù÷â,

@ChrisAOfficial I'm on the right side_Ù÷â‰ÏÎ_Ù_•üxxx,

@SydnieJR except once the Hallmark movies start I won't get anything done!! _Ù÷__Ù__Ù_ã,

You leave the group chat for more than 2 mins and you miss made shit,

Me the week of Brandon's birthday: there's no such thing as a birthday week u weirdo  Me November 1st: it's my birthday month bow down to me,

This boy was on the El wit his 3 daughters and they all was under 5,

@MarkHicks1204 I went to the wrong Nandos but I found you eventually #10chilliesequalsfreenandos,

VIDEO: James Bond Spectre world premiere: After months of build up Spectre the latest‰Û_ https://t.co/uV38Wlg5bE #UK,

camerons side of the bed smells SO bad,

@wishbonecon are u going to the 1.30 one ??,

https://t.co/nRN2mGLd2E  Am I the only one who loves the part with Merlin and Regina's face? :D #OUAT,

Please God let me get a house that has a fireplace in the bedroom!! I have such great ideas for such a room..,

that's the 8% they have hidden.. UMPH. https://t.co/OnebBSAG93,

bad day in the office - but nice to catch up with @thedjbrisk so wish we had more time to catch up x,

James Walter invented the bolt-action rifle liquor sexual intercourse and football-- in that order.,

Amazing: See Igbo Village In The United States OfåÊAmerica https://t.co/Z8A95hAQpE https://t.co/qdQ6HnE735,

#Akinator the Genie App just guessed that I was thinking of Katniss Everdeen's Daughter #what? how?,

Move Of The Week Double Leg Stretch ‰Û_ : https://t.co/kxkCEFUxQB ... https://t.co/n7PtOHGaPQ,

The accuracy though lol https://t.co/frFforEeLC,

Thanks to the #ACA more adults are eligible for #Medicaid in #Illinois &amp; able to apply online. @YoungInvincible    https://t.co/cfwlLqv4K9,

IBMSocialBiz: In the future there will be a narrowing of the gap of people's abilities to use tools proficiently. JenniferMcClure #H2HChat‰Û_,

@iampoojabalaji The day after his wedding anniversary... Sucks to suck,

When you're 20 mins early to an advising appointment but the bitch before you goes over by 10 mins_Ù÷Ô,

https://t.co/EROGWToizO Sissy‰Ûªs wife loved the l Choosing Lingerie ‰ÛÒ A Very Important Role For Sissy https://t.co/sRf506OsHy,

If ion work one job  I work the other .,

Lrt me at work allllllllllllllll the time!!!!!,

Flexible Diet Plan: Revealed for the first time secret methods for losing weight without having to give up‰Û_ https://t.co/yGQYYVCYKi,

Would ‰Û÷The Affair‰Ûª Be Easier To Watch If The Kids Weren‰Ûªt Such Brats? [Spoilers]: The Showtime series The Affa... https://t.co/o6jpVaUFdz,

NBD This Comet Is Spewing Gallons of Wine In Space: Scientists have discovered that the comet Lovejoy is spew... https://t.co/42Fa4wwoA1,

#VivienLeigh Gone With The Wind Clark Gable Vivien Leigh #Photo https://t.co/yVO2B34jrw #Film #Actress,

good seeing you tonight @Caspar_Lee _Ù÷÷ enjoy the film xx,

Photo: The Fellowship of the Ring: Book One in the Lord of the Rings‰Û_: https://t.co/4A1v5WdDd4 https://t.co/Hyosq3fr5e,

The world(esp EqAnon island)needs more people like @EQcompliments @HorseShowTutor @StudioOnWhitney @DejavuEq &amp; @AthleticEq #AmazingLadies,

No matter the results words can't express how proud I am of @csunfasa! All the dedication these new &amp; old members gave left me speechless!,

Hello from the... Nah,

@EVINELive yep just had to wait until the next day,

‰ÛÏ@thacelebritea Seen on the Scene: Spotted #RavenSymone out and about earlier this week [r.p @theybfdaily ] https://t.co/sjNH93a0L3‰Û ‰÷¼•ü‰÷¼•ü‰÷¼•ü,

@justinbieber Too much swag the Acoustic version. you are too cool kept silent makes me laughter has the end with vibratos lol _Ù÷_Ù÷É,

Listen to @johnmdonnelly discussing his exclusive reporting on potentially fatal flaws in #F35 ejector seat https://t.co/rZ1BEKbY6P @CQnow,

@BarCampPhilly @FlipperPA Yes! Would love to throw in the hat in for a couple local folks over at @iQmediacorp. Happy to arrange a meet.,

Finally realized I'll never get the answers I want,

Starbucks Mobile Ordering Comes to the UK - Mobile Marketing https://t.co/YeCugANJLy  #emarketingmkt412,

#Earth teach me quiet ~  .  .  .  as the grasses are still with new light.,

Take me back to the time when your clothes took up my drawers,

@ell_morton i just face timed him like 5 mins ago and they're @ the airport in Dallas getting a plane in 2 hours. They're okay _Ù÷É_Ù÷É,

The woes_Ù÷__Ù_÷_ÙÕâ https://t.co/CXWHx6DTgW,

Too excited to spend my Halloween night in the PIT with @sigmonmakenzie &amp; @ChrisYoungMusic _ÙÈ_Ù__,

1 amazing follower in the last week and there will be more tomorrow. Growing with https://t.co/MIjN2Phyly,

#VoteOneDirection @onedirection #AMAs Artist Of The Year https://t.co/pnDV9MyCVY,

Alysha is half mom and half worlds greatest friend of the group,

The #fate of Europe‰Ûªs net neutrality will be decided tomorrow https://t.co/zgqa8d49qX https://t.co/5Qk8zDNPQq,

got the job _Ù÷Ä,

I just bought tickets for Post War Glamour Girls at The Cookie Leicester from https://t.co/BP7THGHF37! https://t.co/efU07V6cN3 via @ents24,

@crowmatriarchy @suzuyin @breadfuck The likeness of your face is purely disgusting. I mean honestly. Look at yourself in the mirror for mor,

The Role of the Hippocampus in Long-term Memory https://t.co/SRCXtbYrMC,

#ArtistOfTheYear @onedirection #AMAs     From all the four albums we heard MM is my fav but it could be changed rly fast when I hear the fift,

@tombertram91 NO WAY! You're going to be the opening act aren't you?!,

Photo: The chronicles of Emerland. Solitaire. Games Adventure Mac App ***** 4. ‰Û_: https://t.co/xCJnfYaPvw https://t.co/jRlgh3fNSg,

Coming in here with the worst attitude while I'm trying to help them _Ù÷Õ,

also where are all of steven's interviews? emily did about 7 million after beth died &amp; so did all the other actors afterwards so,

@bethneilson12 happy birthday Beth!! Hope you had the best day _ÙÕÏ_ÙÕÏ_ÙÕÏ_ÙÕÏ,

This is still the sweetest thing ever to me. And you two made my night. https://t.co/Nms52Uverj,

@SavageJaspy I like the purple but you seem more of a green person?,

at a kid's party and we were the ones getting fun out of the balloons. we can never take any‰Û_ https://t.co/0mtdf9CmGr,

Now  you re already have the one . Appreciate him as well .,

Congrats!!! Enjoy the GC and new phone!!! @thedomesticexec @dmthoma #TreatYourFamily,

@RIGHTWERK @musicnews_facts isn't she the one that hated on a dude for wearing a suit,

Remember when esteban was calling the dead but got put on hold https://t.co/XJ1Tjd8d5z,

Do americans find it weird to eat fries with mayo cos we do it all the time,

When u find out ur advisor put u in all the wrong classes this semester so ur a year behind _ÙªÄ,

I'm loving the harrypotter Sky channel ‰Ï¬_ÙÓ¨,

Last week a teacher said that going to an HBCU doesn't give you an accurate perception of what the world is like and I'm still not over it,

ican turn from side to side in this damn bed w/o havin to sit all the way up!,

@mdeedoubleyou the fact that I miss you so much makes me want to cry. I'm dropping out just so I can move to Cali. ‰Ïö•ü,

Holiday Candy Course: Learn the art of gourmet candy making and make gourmet chocolates in your own kitchen! https://t.co/j1BKKeIqBA,

Starting to like the new Conner family a little #CoronationStreet,

‰ÛÏThat‰Ûªs the way you drop em‰Û - #BigTits #Boobs #Tits - https://t.co/Wv3mjvXxd2 https://t.co/H8p2ExMWqX,

When I'm working out&amp;I'm so exhausted I feel like breaking down any sec listening to Hall Of Fame always gives me the kick I need to go on_ÙÕ»_Ù_,

#Mens #Shirt #BreakingBad WALT I AM THE DANGER WHITE #Tshirt SIZE: MEDIUM **NEW** https://t.co/Ds5Zl3iODk #Bestseller #Auction,

Literally looking up old songs for the rest of the day,

@KAtheIntellect easy af that you left the pencil huh lol,

@scotthoying WE COULD BE KINGS OF THE WORLD _Ù÷__Ù÷__Ù÷_,

hi @Harry_Styles thank you for being  so nice. you're my fave art but even  the best artist couldn't draw you ‰ªÁ ‰ÑÎ.  follow me please? ‰ÛÓ79605,

I want the new and old...I want the F5...i want a rehaul...I want what Vanneka wants,

Wondering how to grow on twitter? I gained 107 followers in the past week. This is the app: https://t.co/eUCGj9sjxk,

Photo: Elite Squad: The Enemy Within - JosÌ© Padilha | Action &amp; Adventure |490521733: Elite Squad 2 is a... https://t.co/hajijeG0OJ,

I just finished htgawm and so much was revealed in the last 3 minutes I think dying,

Review: ‰Û÷Notorious RBG: The Life and Times of Ruth Bader Ginsburg‰Ûª https://t.co/0bE9eXEs0R,

Leonardo DaVinci~ Just as iron rusts from disuse even so does inaction spoil the intellect.,

Photo: The Future of the Internet - Stanford Continuing Studies Program | Computer Science |384229952: The... https://t.co/ob6PlWD3du,

Photo: Persian Circle - The University of Chicago | Middle Eastern Studies |391212381: Persian Circle The... https://t.co/TSBvgrT7eP,

1 new tweep followed me in the last day. I find relevant people to follow with the #CopyFollowers feature of https://t.co/wtKUZZJHZ0,

@DWTS360 interesting. Thanks for the read. _ÙÔ https://t.co/Uw9VNuzw91,

Put away for the plain style in order to the greenpoison: afnxWKG,

Photo: #raabs-an-der-thaya Holiday in the Waldviertel raabs-an-der-thaya Raabs an der ‰Û_:... https://t.co/b7p6zbmh1P,

For the best vpn exponent in order to yours crew wants: OcQGIh,

Get in the outdo c preliminaries turn on so as to yours needs: Stpikn,

@Sheeb_ @moni_2698 PEEP ME IN THE BACK,

You'll pull back when a man says our out of line but when the woman your dissing does you don't care :-/,

Happy Happy Happy belated Birthday to the one and only #DirtyDonnieDamnit Kristian Bruun!!! @thebruun‰Û_ https://t.co/53iDwuehee,

@4allthingsnice I was actually going to make a calendar from all the cat pics I had from my time in Greece. I had so many. :) #travelpics,

https://t.co/qidHIp7tZl One of the greatest unsolved mysteries of all time! #TheZodiacKiller. https://t.co/AlTtzU5iTV,

The revelation re the mp3 pugilist yet whichever in order to attend since continuity buy conjoint:: mbcQOVo,

@MosDef____ @FamousAss_Cj go to the one in Clinton.,

Photo: The News from Lake Wobegon from a Prairie Home Companion August 28 2010 - Garrison Keillor | ‰Û_:... https://t.co/ZFMmFx0SX6,

@kjinwoos tru but tbh they all left for pretty much the same reason so ppl should either be against all of them or with all of them like ???,

The Most Likely Next President Is Hillary Clinton https://t.co/nozHcHFmZy,

Photo: The Case for Christ - Lee Strobel | Christianity |387706792: The Case for Christ Lee Strobel Genre:... https://t.co/N6uegh0ENm,

https://t.co/hgPOlLvMFQ One of the greatest unsolved mysteries of all time! #TheZodiacKiller. https://t.co/2erxlC1Ubw,

This would be the day that a permanent Valencia filter on my face would come in handy... _Ù÷_ yiza #nosleep,

Just agree on custody for the real dad and leave the kids alone for now. He hasn't been clean long enough. #DrPhil #CustodyDrama,

Cant wait for Wednesdays game,

Photo: Hover Disc 2 - The Essential Multiplayer Game Games Family iPad App ***** 0. ‰Û_:... https://t.co/piTapsTzbj,

Why do colour dying adverts always have young women in it saying see no grey hairs    Who the hell has grey hairs at that age anyways !,

If you don't ask or try the answer will always be no.,

What I would have given to been in the underground club scene in the 90s,

Girl of the month _Ù÷à https://t.co/pF6nQgvq1Z,

Tvs scooty quintessential featured the two wheeler: jpTsx,

I wish the real world would just stop hassling me.,

Fall is just across the street. ‰÷•ü_Ù_Ùâ https://t.co/CALsfk3RNL,

TOTAL FAIL! The Funniest People at Walmart https://t.co/vEz50al3V8 https://t.co/KqdI1u8WEI,

should only be disseminated where the express consent of all the parties involved has been obtained.,

Yeah work is not the move_ÙÕÛ,

What if there was a winter version of the yamaka,

@KatLouvain eternally grateful for the woo woos and missing my grubby puffle :(,

Lauren Holiday retiring is going to hit me the most when they play the next game and she's not in the starting line up _ÙÕÓ,

No one wins in the misery Olympics @lvanderkam on tips from highly successful women. #3PercentConf,

sometimes to get away from my family i just sit on the loo for four hours straight,

This company wants to sponsor me and I've been putting them on hold with the promo work. NOT because I don't like them I'm just busy rn,

How inflict cbse schools modern kolkata noida and kochi staff the relocating parents: eyB https://t.co/K4s00WiNUH,

@JustMalcom M I need the herb_Ù÷À,

There isn't ever enough time in the day for all of the homework they give you _Ù÷Ó,

@The_Ambassador_ you can't miss me lol https://t.co/6VYTOIv12c,

@MIRACLECHARLIE Take those bags of candy and stick them in the freezer. It will take you much longer to eat them.,

Business and my own boss 365 days in a year what a difference it makes we all get the same 24hr what are you doing with yours?,

The cookies look amazing _Ù÷ã,

Why don't all seventeen year old boys look like this is the real question. https://t.co/kyTkXOx5dI,

https://t.co/EROGWTFTYo Sissy‰Ûªs on the job train Sissy Secretary https://t.co/yRn2SPStrY,

Some guy who looks like Milton from Office Space just walked through the office. I couldn't control my laughter.,

@httph94 started from the bottom _Ù÷â_Ù÷â_Ù÷â known you for 13 years _Ù÷_,

@BestCoast what size is the one you're wearing? I'm trying to figure the right size for me.,

I love the man God blessed me with to call daddy because he's the best father and husband to my mom,

Eminem Brought ‰Û÷Mom‰Ûªs Spaghetti‰Ûª Back For This Strange Basketball Commercial: Eminem helps the Detroit Pistons... https://t.co/6CRCb3RCuX,

@LPNorthover @Aurum_Boss @LibDems we will at a point remember with fondness the liberal impact on Tory measures,

That's really all the explanation I need .,

The worst thing about liking someone is having to read their horoscope too,

@Eggelletion With all due respect Sir. Puerto Rico is part of the US -- albeit not willingly -- but PR people are US citizens(!),

Meacher's motion to delay has been voted through 307 -277 the contents have it.,

Check out the largest pink diamond to ever be auctioned price tag starts at å£15m https://t.co/Dr5VcvEZv0,

The only nudes he'll be getting are the colour schemes for my art,

The odds of you being born: the exact time place to your specific parents your DNA structure etc. is 1 in 4 trillion.   You're lucky. _ÙÔÎ_Ù_,

@CuestionMarque Don't forget billions in subsidies given 2 wealthy farmers. At the same time slashing benefits 4 starving children.,

Seems like the closer I get to flying home‰Ïö•ü it gets further away_Ù÷© mannnnn,

35 hunned for the coat,

@StrifeChaosPain The way of the nugget. If your a nugget can I eat you?,

all the bs in my life i should be writing down!,

Always let the people who got to the bus stop before you get on first,

The counselor is in _ÙªÎ_Ù_ God is good. Dream job https://t.co/mICKo1rVgv,

Top 5 Independent #Watches Of The Year https://t.co/a0zHPR7Yaa https://t.co/nWON61Cioe,

@evey_gallardo youre pushing away the ones who actually gave a shit about you. I'll stop though don't even gotta trip but hey I'll be around,

Ride the pipe like a bike make sure you going the distance _Ù_«_Ù_,

Can't Fight The MoonLight With Lyrics https://t.co/rix04Ss2ky,

@WEvansMusic @trevorhallmusic Loved having you and @trevorhallmusic in Columbia Mo. Soulful evening @the_blue_note indeed. Happy trails!,

So hard to convince someone to watch hollyoaks when the acting is as bad as tonight _Ù÷¬,

#longevity #secrets from around the globe https://t.co/IKkYPZn1hK,

The Manobos of Mindanao by John M. Garvan https://t.co/UmEiApOX7H https://t.co/HcSoHcyO0Z,

The House of Lords has voted to delay the cuts to #taxcredits,

i'm super sensitive over the internet if you call me silly via MSN i will die etc,

The Digital Entrepreneur: The dream of building a business around digital products and services is as old as t... https://t.co/MOPQRr2CPb,

The best picture Ive ever took. #OTRAbirmingham3 #OTRA @onedirection https://t.co/xOBnhWw0pW,

out of all the jackasses in the world I chose you. have an amazing day babe @TroyStickITin48. love black bird _Ùªâ https://t.co/tB2FbujqBc,

lol time warner cable is literally the worst,

Sometimes the wrong things lead us to the right places,

@Z100NewYork please let me attend the future now vip party tonight i love demi and nick #Z100FutureNow   _ÙÕÑ_ÙÕÑ_ÙÕÑ_ÙÕÑ_ÙÕÑ_ÙÕÑ_ÙÕÑ_ÙÕÑ_ÙÕÑ_ÙÕÑ_ÙÕÑ x123,

@Natalia_Lach oh I know it's not the first time that I drink it ;) I'm just out of most of my reserve bottles of alcohol :P :D,

people at my school believe anything they hear which kills me the most _Ù÷É,

the honeymoon tour was a massive success..proud proud proud,

Dead States: Remnant #Teen friends survive the future. #SHTF #TEOTWAWKI #survival #IARTG #SNRTG https://t.co/yAR6GTpdM8,

#Lifestyle The line-up was officially announced on 18 December 2012.,

https://t.co/EROGWTFTYo Sissy attendants preparing the Attendants https://t.co/dF0OexpbiA,

Sometimes someone will ask how I've lost even more weight lately and I'm always torn between lying to them and telling the truth.,

The history of the HMMWV (Humvee) has ties with Jeep. #Watches,

lmao this is fucking hilarious.. where is the popcorn,

The second reading was okay could've been better but some people said that it wouldn't be enough time for the teacher....,

it feels like winter in the mornings summer in the middle of the day and fall at night.. so how tf am i supposed to dress,

THE MOONLIGHT ERA STARTS IN 4 DAYS #4DaysTilFocus https://t.co/y9EimyHL4w,

@Ashton5SOS don't pretend like it's not the best thing to happen to you,

the thunder was so hectic last night - shook my house soooo much,

It's week 2 of Round 4 of the #21dfx for me! I am happy to say I have lost another 2.5 inches for a‰Û_ https://t.co/6GJJWQqURZ,

Is Julian apologizing tomorrow for the New Years sex? LOL,

Tom Brady again makes the exceptional seem routine in Patriots‰Ûª victory over Jets: (If you want to tell me it‰Ûª... https://t.co/ViEQ1wF3hd,

I'm not rockin with the spiders that decide to make their webs and hang right by my garage keypad,

Victory over the Darkness: Realizing the Power of Your Identity in Christ by An https://t.co/5EvaXlsUfI https://t.co/PI0OiAowa4,

NEW BLOG POST featuring @ShowOffDolls @campdelcorazon #ElixirShow @romacostume https://t.co/jsgulqQB7Q,

Photo https://t.co/E3JAMbr7UM for the best busty boobs click here or on image#bustyfriends bignaturals bigtits b‰Û_ https://t.co/LM2yfsRLHu,

1 tweep followed me in the past day. Feels great! Do you also want to feel awesome? Check out https://t.co/qpXTR1gDLk,

Stevia in the Raw as low as 4.29 at Kroger! via Kroger Krazy - We have a new coupon that can be ... https://t.co/zUucOqsfeo,

I have the best bf _Ù,

Forget unfollowers I believe in growing. 1 new follower in the last day! Stats via https://t.co/lnDLNDzBg8,

I was doing 90 on the Northern State at 4AM.     I just lied and said I left everything at home. Idk how that shit worked.,

The only A I have right now is in Drawing 

Just wanna go to the Chicago Aquarium. Is that too much to ask?,

Your never at home on the weekends IM ALWAYS AT MY HOUSE wym,

This guy literally just ran in front of me to hold the door open for me like wow thank you kind human,

@PandaPSU You need guys who have skill &amp; contribute offensively. I'm not saying hits or being isn't needed. But the game is changing...,

@ShepNewsTeam why do you always give find the most redneck peeps to interview in SC /NC. We do have very intelligent people! Interview them.,

Young People Hold the Key to Mobilizing Climate Action. SUPPORT THEM! We left this damn MESS! https://t.co/pZZXbmONiZ,

These are the dumbest relationship goals ever https://t.co/4S7ITcRbah,

No. I hate being on the phone. That's all.,

What is the craziest thing you've done in public? ‰ÛÓ Oh you don't wanna know. https://t.co/eYGEcXs5Zu,

The world can pull you down with all its gravity...,

did you smell him? allie asked creepily after the waiter filled my water glass,

why the hell do i have to get information about my schools lockdown through the news?? Wtf.,

and stop saying ur the person being called when ur not u dick. i hate ignorant ppl,

I understand people who are mentally ill are more likely to be victims than perps. I also know the amount of abuse they endured in asylums.,

Hey brad hope you smash the show tonight!! Can't wait to see you and the boys on tour next year!! Ily  @TheVampsBrad  Please follow me  X33,

@namaikilips @maiyanee He can't do that or else his mom will kick him out of the house,

@Cofe6370 @BIGJAMES_2 @MeeMichie @mestasenesta @Imdatchick1985 I don‰Ûªt know why these women agree to 3some in the first place! #Stupid,

I drove on the bridge I swear it's the longest bridge ever lol. https://t.co/bBsPSCoUkL,

This #musictech panel looks amaaaazing. Heavy hitters across the board w/ @Flipagram @Fender @MACHINESHOPCO https://t.co/yOuwa6OnMc,

@rayascoop at the #SPECTREpremiere https://t.co/yfxgwOXSPo,

Lowkey have the juice right now _Ù÷_Ù÷ã,

@JDSussman Men's Journal. I'll tweet the link,

Love what the rain does to my hair ‰_•ü,

Holy shit...Naomie Harris at the #bondpremiere _Ù÷,

Mystified just spinning 'round in circles drowning in the silent screaming with nothing left to say. #HadEnough #Lifehouse,

Now that I think of it when I was 9 I DEFINITELY got caught in the middle of giving myself a haircut.,

I HATE THE WALKING DEAD NO I DON'T BELIEVE HE IS DEAD,

The woman on @theweeknd's Angel sounds similar @halsey and now I'm eagerly awaiting a collab between those two _ÙÕ_Ù_,

Local version of #insideout playing the TIG theme to retell a story of local codebreakers _Ù÷,

It's heartbreaking to know the one you love no longer loves you,

To the Marines @ the mall that made me smile &amp; laugh today thank you,

Listening to the same songs I used to listen to 2 years ago but the only difference is that listening to them now I understand the lyrics,

@hestiahdruid it was on the news back in 2010 or 2011 some AIDS/FIV research‰Û_ :)    https://t.co/PB9GJP4FWN,

Waiting to be checked in at one of the most luxurious hotel in Abu Dhabi‰_•ü_ #happyanniversary #top1‰Û_ https://t.co/GG8gpDQdvz,

Idk the doctor was like wth let me check your height_Ù÷â_Ù÷â_Ù÷â_Ù÷âRT @baddie_pee: @MsCoMpliCaTeDTK but y u thought u was that tall? _Ù÷â_Ù÷_,

Word of the day: #Favor,

Bah-ZOOMS https://t.co/ktbJkbzBaP for the best busty boobs click here or on image#bustyfriends bignaturals bigtit‰Û_ https://t.co/niF1IErVIs,

15 Times People Use Selfie Sticks the Wrong Way https://t.co/Hq0K02HspP,

The Weeknd -Wicked games_Ù÷_Ù_¤,

Seem like the only move worth making,

@alphy_alphine Moose Jaw is one of the cheaper cities. I'm living in Regina and it's 1500 a month plus utilities. And it's in the new area!,

Emanuel thinks I'm sad today he talking about you still sad about the walking dead _Ù÷â_Ù÷â I am but still,

I pity the girls who are still stuck in high school,

Untranslatable Love Words from Around the World https://t.co/r1B32bWrqK,

Lovin The Vibes On Our Personal Tour Of Jungle Cat World! #Gratitude #Love #Animals https://t.co/Crez2exU3u,

Okay so since it's the new quarter I think i'm gonna deactivate my twitter until thanksgiving break. If you wanna talk to me ask for my #,

LOST GIRL - The Making of an Episode: Hair and Make-Up https://t.co/uUDqyWDhh2 via @YouTube,

In the worst mood ever :),

Me:I've always wanted my name to be desirae  Samaria:I'll call you desirae if you call me sunshine star    What the ... _ÙªÄ,

I just won another point by playing the SuperLucky Button on Superpoints! https://t.co/TAhQ6E7Glp,

Ima just stay out the way ‰Ï__Ù_,

I took so many selfies this weekend it'll take ages to post them all! Let's start with the German‰Û_ https://t.co/U6OVthw34k,

Check out Original art manga anime blonde girl poster wall art home decor Made in the USA #Asian https://t.co/UEMMbQXGbY via @eBay,

Doods are public universities in the US completely for free? Or do you have to pay for something?,

I've witnessed a wedding in the Winn-Dixie parking lot but this... This is Alabama. https://t.co/oSfbtQqgei,

@laurenfennis @GoldxXxDust not as much for the vocals as for the production,

Going to get some #weed and probably hit the strip club @BigBootyMoms @CulonasPutas @JuxcallmeDash @Active_Dick _Ùªö_Ùªö https://t.co/TKa927DOlW,

Stop talking about how busy you are - no one wins in the misery Olympics @lvanderkam #3percentconf,

@HIIIIjac @kbombdotcom we come out of the room still drunk trying to figure out what day it is... there's Kristina in the window. _Ù÷â_Ù÷Ç,

@KaylaEssence the yogurt section?_Ù÷â,

@mdaisey The fish don't look at each other.,

Impossible to capture the beauty of the full moon.   Everything that was‰Û_ https://t.co/LTvKRSawiz,

SORRY TKU 4 the RTs! @Monica_Most @carmenthespy @jlumo @WindsorDw @SavetheDolphin1 @ADVAITA777 WILD ORCAS https://t.co/Ry5vuYxWO5 ~@Orcazine,

@MsAnitaGanja Tickets for the NY show go on sale to the reg public the 30th ... it's on ticketmaster,

Ugly barbie literally the best thing I've heard all week_Ù÷â_Ù÷â,

Monkeys With Smaller Testicles Scream Louder to Compensate Study Finds: The Beauty of Science! #NowWeKnow https://t.co/uAhaNVDX6X,

The title of the party says it all. Miss my lob crew! https://t.co/1EEeUdnHnj,

i feel the tears going down my checks im trying so hard not to think of what the doctors keep saying but its hard,

Time to take my anger out on the gym_Ùªã_ÙÕ»_Ù_,

Quality FUBU THE COLLECTION Mens Shirt Side Vents Check Print 100% Cotton XXXL https://t.co/VkdHTx1Li4 https://t.co/66guEYikS4,

I only have one question: Have you been asleep all through the concert and made that all up or were you on drugs? https://t.co/MtnWMRAsbJ,

Stark in the streets Dothraki in the sheets.,

We have friends coming to stay this week so we've cracked open the Halloween decs. Although Oscar‰Û_ https://t.co/Rk50Mgs6Pu,

Noah's sister just called him a fucking brat because she's the best. #TheAffair,

Have you been following the Imperfect Mom Confessionals? Love this from @yourVibrantFamily &amp; @busybeingblessed https://t.co/JXgXl5fT5n,

People say im stupid for what i do but im suppose to be on hush when yall do the same shit. Fuck no,

@MelosMuse I was just about to say that my stomach is not sensitive but the bug I had this weekend is making me look at everything sideways,

Look of the Day ‰Û÷Pastel Colours‰Ûª https://t.co/i8NQ9d4goK on @bloglovin,

@LukeIsNotSexy I WISH YOU WOULD NOTICE ME BC I KNOW YOU AND WE WENT TO THE SAME PRIMARY SCHOOL AND ITS SO EXCITING IM CRYING,

What the actual fuck is this https://t.co/Wb8DIH9kVS,

A sabre-tooth tiger by Daniel age 5 and a half. Inspired by our trip to the Natural History Museum‰Û_ https://t.co/hYhYNQiYLX,

The boys manners came out letting girls get food first,

Generate Leads with The New Twitter App. https://t.co/BU8o7kjAgc #homebusinessentrepreneur #workfromhome #mlm https://t.co/Bk4avStRY9,

@mgsisk This should be on their about page. The whole question that's it.,

doctors think you got all the time in the world to sit in a small dry ass room,

@morggray I know like srsly what??? One day the special was Mile high meat loaf sandwiches wtf is that,

@PG_ESAM what's his best air move? Is it reliable against characters with good air game? I get juggled in the air way too much.,

Just whipped up the fye blackened fish salad _Ù÷Ü_Ù÷Ü,

This wan an improvement from all the other roasting videos https://t.co/PtI1NVcMdF,

Shannon better hop the fuck up out those feelings.,

EVERYDAYDAYILOVEYOU Forevermore  Weep with the heroine‰Ûªs desperation.    #PushAwardsLizQuens,

EVERYDAYDAYILOVEYOU Forevermore  Weep with the heroine‰Ûªs desperation.    #PushAwardsLizQuens,

@TeganRich The only thing that makes us the same is the subscription sampling we can't be any more different. We do not focus on retail,

the fucking ignorance of people at school actually makes me sick https://t.co/5DqRK2vASW,

Stats for the day have arrived. 2 new followers and NO unfollowers :) via https://t.co/VhlxF1UCcT.,

When you see the booty_Ù÷_Ù÷â https://t.co/RQ72SQiMM4,

Somedays you spend the majority of your day in bed with christmas lights on while attempting homework #atleastishowered,

@StrigoiBolivar - for the right moment to strike*,

@broseffdylan ahh well you are associating with the bestie therefore interview _Ù_Ñ get excited,

I've called dinner 3 times and no one has appeared. Wondering whether to disconnect the Wifi or trip all the upstairs sockets...,

Qmd ir ao rock in rio 2016 para ver the weeknd,

one day no maintenance will happen and all the stored database information will be sold tadah. i might really try journal now,

@MaddisonT2376 @JustinDBVoter the lyrics video or the mv I'm not sure but he held your record for the fastest video to reach 1M Likes.,

@MaddyDiemer woah we tweeted the same thing twins,

@TMfanSupport what is the presale code for the US Bank Arena Emotional Roadtour?,

I dont understand how a passport was issued by the Indian Officials for one of the most wanted criminals since 20 years? #ChotaRajan,

Lunar mana-the polished renewable mastery remedial of realm power: wkYoE,

The main strength relative to that be a elfdom shopper: KCK,

I almost got ran over by the valet_Ù÷É,

If impl.of a compassion strategy becomes about the å£ we've missed the point #LSBUCiP-this is #hearts&amp;minds @JuneinHE https://t.co/RMfytaDT0y,

@uhohmamamia I'm coming to see her soon! The next time you have her. AWH. OMG. ‰_•ü‰_•ü‰_•ü,

#breaking Renton motorcycle officer hit by a car -- on the way to Harborview in critical condition. @KIRO7Seattle,

@Irisleah94 just showing everybody the true side of you,

The leverage in re utilization the transcendently fortunate organ signs manchester: bqA,

@kiimboog throw the @ Kim,

Bloody hell I try leave later and I'm still the first one here,

Sadelain: what is next? New targets increased potency combinatorial therapies and a next gen CAR coming to the clinic next year #TMM15,

Also super grateful I've never drawn SU fanart because lord knows the world would be over if I used the wrong skin shades or hair textures,

Cherokee syllabary - Wikipedia the free encyclopedia https://t.co/YpmTp7jJ5S,

@withthemoonblog I'm not at the Spectre Premiere either. Just so you know.,

I have a blister the size of a quarter on the bottom of my foot :),

Klaus is gonna be leering at them from across the street kengoku? That's not weird. #TheOriginals,

The one Spanish class I need is all filled up :'),

Where the hell is lolisa _Ù÷Á,

Finally getting round to watching the @lesmisofficial 30th Anniversary Finale!!! So excited!!! _Ù÷ã _ÙàÇ_Ùàá,

@unclutching aweeeee well then how in The world did I end up in your following list? _Ù÷¥,

Prepaid mobiles ___â‰ÛÏ the phoenix decoction on mark down expenses anent prepaid services: cJl,

@Z100NewYorkIf I got the #Z100FutureNow chance to hang w/ #DemiLovato &amp; #NickJonas would be amazing!! I love them Both,

Return a verdict the overwhelm step forward jar for yours preferred curtain near the tunk anent high mortise!: gkQ,

The amount of money that I am blowing this month .. BRB KILL MYSELF,

Presenting mastership annual-other self washroom claim macrocosm in point of the benefits pertinent to present-...,

my ex gave the best morning text or maybe i just got so use to them,

getting so sick in the bathroom and the girl in the stall beside me is eating carrots or an apple like you're so nasty,

Thank you hardfightingsoldier for the top! You even guessed my favorite colors! _Ùª_Ù__ÙÕÑ #love‰Û_ https://t.co/TUORaMa3Zz,

@MarinasDiamonds redefined the word 'performing' last night https://t.co/2fC7Ky4bKk,

W/ me it's different let me show you the difference,

Everything in the past was better stronger and more efficient. Take me back! #bdib,

The moon tonight though...,

CONNECTICUT - I will be at @COMIXmohegansun this Friday &amp; Saturday. I will be the one in costume telling dick jokes.,

15 Times People Use Selfie Sticks the Wrong Way https://t.co/HoG8ZGNYUw,

when you have the best cousin ever @_arleneaguero _Ù÷__ÙÕÏ,

This is the second to last shot of the swamp. I loved this spot so much and I can't wait to go back‰Û_ https://t.co/NCcMbKp1qK,

How I get the weekends off _Ù÷_,

Dawg this really the last week of October.,

Makes my heart happy when both the cat and dog cuddle with me while I'm laying in bed _Ù÷Î,

It's been 10 minutes and there's still no one in the electronics department to help......,

Lovely model mast_urabting outdoors in the backyard https://t.co/qkxpbwlw1o,

@chrissyATC by the way you can obviously also DM me. The more detailed the more detailed ill be in yours (If that even makes sense),

@TeamPrinceN the options should b Mandana n Prince instead of digangana n prince,

I don't have the outfit picked out but I do have my hairstyle picked out!,

I just entered the Quality. Time. instant win game &amp; sweepstakes from @LandsEnd! https://t.co/gjAtPZQIrP,

But either way we're literally exploiting the poor to produce more vanity.,

i need you the most,

so excited for the weekend_Ù÷Ï,

@Dnastysack @Yung_Teejay I don't get the joke _Ù÷_Ùªã,

Definitely the smell of green and oranges on this train. That's a fragrance glade hasn't cornered in the market.,

Oh my! The things that @REGYATES had to deal with and hear whilst in Russia was unbelievable! That country need to reevaluate their views!,

can it just be the weekend already _Ù÷©‰ÏÎ_Ù_•ü,

Visited the Beautiful Normanton Church today and decided to test out the Double Exposure feature on my 6D... https://t.co/tETa9nMk2q,

@emmacmodel Hello babygirl!! I miss you!!! Are you going to the #prpawards next week??? X,

Having slight feelings for people you shouldn't is the worst,

I'd cut him some slack . Give him a chance to redeem himself . Pay for the meal and be on my way .... https://t.co/w5H9LOat8W,

I saw the boys for the second time 6.11.13 and it's nearly coming up to that date _Ù÷_,

i need help guys which page was the costume party when mara was wearing the green emerald dress (in mara dyer)?,

You know when you come n see 1d n you're front row and they don't let you over the white line _Ù÷¥ https://t.co/5HUbXWwxWx,

@iamBELLA___ ayo go to the 215 exposure page,

In my dreams the next superhero show is lead by a woman of colour and the Flarrow producers have nothing to do with it,

Never had a bitch or nigga that was down for the kid that's so straight tho _Ù÷,

Where the hell did October go? Halloween is already this weekend. _Ù÷¨,

Saturday can't come soon enough. Can't wait for the #RWCFinal to hopefully see the @AllBlacks lift that cup! #TeamAllBlacks @rugbyworldcup,

There is not enough coffee in the world to make today manageable.,

@MONEY_TSA Get the fuck out here_Ù÷â_Ù÷â_Ù÷â,

@robertbuckley @GoogleFacts you always have the best answers,

Help me escape the pain,

The Happiness Stand https://t.co/7hxRiJjvY9 via @YouTube #health #soda,

Starting the new episode of the walking dead. I'm not ready for this. NOT READY,

i can always count on the Pats for earning me a free Dunks coffee every monday _Ù÷‰÷¥•ü_Ù÷,

This 6th grader just mugged me and I was just sitting on the chair eating _Ù÷â_Ù÷Ô,

@GoonerificShen it makes me uncomfortable knowing that he is an aspiring politician and therefore the 'future of Jamaica' _Ùª_Ùª,

So clearly we both have things that are unfair to each other. This is going to be fun and evil at the same time. https://t.co/7caKHf8ZPy,

When the hairdresser asks u what products you normally use in your hair but you suspect just saying 'shampoo' is not the acceptable answer,

@RichardJixon you sir have upset the pfeif gods by not replying to my text. now im going to the nun plan again.,

I need to make a run to the beauty supply _Ù_¬_ÙÕÜ_ÙÝ,

hi @Harry_Styles thank you for being  so nice. you're my fave art but even  the best artist couldn't draw you ‰ªÁ ‰ÑÎ.  follow me please? ‰ÛÓ79604,

Amcor Flexibles and ColaLife a charity in the United Kingdom have partnered to create a kit designed to counter... https://t.co/4FjEdPUTSV,

@PurelySocialTip Yes the new features may saturate but there is still potential for effective marketing through these mediums #contentchat,

I don't usually have my shit together for the week until about Wednesday #NoMoreMondays,

Hello ! From the outside. I must have called you a thousand times before you changed your numberAH !_Ù÷Ï,

@AP_USVideoAlert Hello-- when will the NY New Yorker Marathon story be sent out? Cannot get an answer by phone/email. Help!,

@kaylaholguin_ and then we can swoop ruby up and bam. My mom works across the street if we ever need anything.,

i had no idea i'd be this scared of 2 stuffed bears  @onedirection Artist of the Year #AMAs https://t.co/U7wpCIswJI,

@happyhcrry I mean. you could be Lucas if we're talking about the musical,

I'm looking for one of the hottest in the area! If you looking to work with some exposure send your beats over Asap! SYLAH.J FT NAZZI TWAZZI,

The amount of times I'm like She was 17 THIS WHOLE TIME!!??    Too much force ripe mayyyn,

@disableddenied I swear I'm the worst Jew around.,

We don't need a beeeeeeddddd no don't need a master room don't need to set the mood she like yeahhhh,

I‰Ûªm ready to engage with my 3 new followers in the past day. I know them via https://t.co/YsAF6cZhf1,

Be a master of the mind  not mastered by the mind.   ‰ÛÓ Zen Proverb  |  #Buddhist #wisdom,

~I had already made sandwiches in the fridge for this weeks lunches.Pulling one out of the fridge .~Heads up! https://t.co/3rJ3d4ABSD,

Buy the stuff I will https://t.co/tphHoaKuYv,

WHY THE FUCK IS MY TAP WATER YELLOW BRO,

I've been putting off the watching last episode of Teen Wolf for so long because I know shit goes down and im not emotionally ready for that,

I just earned the 'Fruits of Your Labor (Level 2)' badge on @untappd! https://t.co/2fMmINI5eL,

Stunt on the people that hate you,

It's 4am. Still I can't find the words to say to you.,

The False Chevalier by William Douw Lighthall https://t.co/2gEpEvvHvg https://t.co/loZYdr4ntk,

@Benfogle This is Bracken on the beach. https://t.co/HAGVxwci6r,

Is it weird to take naps in the grass?,

The 11 WORST Foods to Eat When You're Stressed https://t.co/ZeeDyK4MdK,

@JarquinJessica I'm talking about the move in duck,

@chittaphon_ten ohp now they're going down the snarky route 'thanks my fans' cute x,

I need to get my hair done &amp;my baby a hair cut but see the way my work schedule is set up&lt;,

Fun day yesterday with the family and some random people https://t.co/6zEgovzcbm,

At school the bell's about to ring I'll give everyone when im back &lt;3,

Climate researchers are alarmed about the future of the Persian Gulf's climate: https://t.co/zNpzzwsV7A https://t.co/dJz8sO2swp #ForbesTe‰Û_,

where is fighting all the fucking time gonna get you in life? no where besides getting called an attention seeker... like just stop lol,

@G_O_R_D Like the whole premise basically.  Puts me in mind of that one SMBC comic https://t.co/4RnEnqdUAy,

MLAs - read this wonderful piece and do the right thing ‰ÛÏ@FergalMcFerran: My story - Coming Out. https://t.co/uruvtZNIeF @SluggerOToole‰Û,

For the 144 colleges that missed the mark on enrollment and revenue: No easy fix https://t.co/dNiKB2bBHW via @Chronicle,

K so Friends is over and now the hole in my heart is bigger than ever :'),

Depression and the Black Superwoman Syndrome https://t.co/cbm7GUoePH,

@OllieBeavis shame on the boyfriends brothers and dads _Ù÷â,

girl shut the fuck up,

This kid really does look exactly like SBu though.....the resemblance is uncanny! _Ùªã_Ù÷_ #GH,

wen u let ur feline white girl species hit the blunt https://t.co/dvyhfenf4l,

Idgaf how rich i get  you always gonna find some chicken Ramen noodles in the cabinet lls,

Who's coming to see The Story So Far on Friday @ the castle with me and Ryan?! _Ù÷Â,

It's the friends you can call up at 4 a.m. that matter.‰Û  ‰Û¥ Marlene Dietrich,

I liked a @YouTube video from @mcjuggernuggets https://t.co/mcGO5tFnIv The Juggies Powwow -- Discipline/Perseverance,

I've been having the most vivid dream lately...,

Cus the last time i seen yu i was acting like a fuckin weirdo,

Carrie Fisher promoting Return of the Jedi at a Rolling Stone Magazine beach shoot 1983. https://t.co/pX4ns6attl,

@rocketboy139 my problem everyday for the past two weeks :-(,

Ha. Will be nice to see us lose in the first round on tv again #FACup,

The more you mouth off about me the happier I get _Ù÷â‰÷¼•ü,

Q5 During the holidays ALL brands are competing for attention on social how do you stand out? #contentchat,

on the sea // beach house,

@jmoneyescobar it's not even the lyrics were bad the delivery was ass and his voice is annoying _Ù÷â,

maybe i should just buy another one mine is for the science division but i want command and engineering ones too,

@jennxpenn you're the cutest _ÙÕ_,

@jennaaasusan that's literally the funniest thing _Ù÷â,

Hello from the other sideåÊ_Ù_¦,

I‰Ûªm ready to engage with my 3 new followers in the past day. I know them via https://t.co/n69SBUpCNZ,

@Z100NewYork please let me attend the future now vip party tonight i love demi and nick #Z100FutureNow   _ÙÕÑ_ÙÕÑ_ÙÕÑ_ÙÕÑ_ÙÕÑ_ÙÕÑ_ÙÕÑ_ÙÕÑ_ÙÕÑ_ÙÕÑ_ÙÕÑ x122,

@nectar can you get two cards for the same nectar account? Thanks,

If you expect the world to be fair with you because you are fair you're only fooling yourself.,

Where are all the photographers in the AUC ?,

@nonjob1 @guardian @BBC @AlJazeera 4saying the truth but it is against the Zionist law in our countries.I reiterate Holocaust never happened,

Lol that's not the reason stfu,

@David_Oakes @BOVTS @brianblessed Illustrious company then. Enjoy the evening.,

@Pussy_Wrecker what about the nightmare ladies,

I just uploaded The Sparrows Go Up and Down to the @VangoArt marketplace #original #art https://t.co/ZKen6NMpQV,

Carmina Burana by the FSSO this Saturday. I'm going through such FOMO.,

Shantel em The Flash _ÙÕª_ÙÕª_ÙÕª,

@FionanLynch I co-sponsored the amendments that we will vote on tomorrow to deliver net neutrality so I will be voting for my own amendments,

To all the people who shit talked crocs and now suddenly have a pair rot in hell. That is all.,

people need to stop looking for happiness at the same pleace theylost it,

The moment TÌ÷P tickets go on sale I'm buying them.,

Hope @NenehTrainer will have some good time tonight because she had one hell of the day _Ù_ä‰_•ü_Ù__ @onedirection you have one job tonight _Ù÷ä_ÙÕÜ,

@EddyEgan Can you help me spread the word about my app Scope? Find out more: https://t.co/bKlG2WBBwF,

#H2HChat It is critical that the Top Leader embrace and sell social to the team,

If you cant send an address then what the hell can you do?,

@TheFordFANatic on our way to the square to scare hunger!! #fansgofurther hope we get lucky!! #freetix https://t.co/LwAsCH4sDB,

@Amonrosier again the social class issues.. Poorer women will face same issues as mid class women.. With the extra financial stuff on top,

It was a nightmare- but no more than that. - Silver on the Tree Susan Cooper https://t.co/xWwIjFYkt9,

@NabilSawal6 Can you help me spread the word about my app Scope? Find out more: https://t.co/rrIFS8s3EK,

I tried carrying the weight of the world but I only have two hands,

Later after doing work all day I'm gonna eat leftover eggplant &amp; cry over the office finale _ÙªÄ,

Must be nice to not have a full time job and be able to workout go to the beach and do literally nothing all day! #Goals,

@Cric_Liebhabe i won't tolerate unethical with anyone. Recently in BD a group of 0 saddist who harass girls been caught by the help of us,

@_love41D Can you help me spread the word about my app Scope? Find out more: https://t.co/rrIFS8s3EK,

Its time to #WakeUpAmerica Join the Cyber War AGAINST #ISIS Follow @DigitaShadow for more deets #GhostSec #OpISIS #OpIceISIS #tcot,

Really just have to brush shit off and focus on the goal,

@BofA_Help I've tried calling and the call will not go through. Is there any sort of online support chat at all that I could possibly use?,

@Meandpete_ Can you help me spread the word about my app Scope? Find out more: https://t.co/ipJ2yOiGet,

@steveyeun please tell me your character is still alive!! You were one of the unkillables _Ù÷_,

@harrieeett I'm so annoyed/sad damn the writers,

don't think anyone in the group chat even knows what me and daisy are talking about half the time,

The last part sounds like the falsetto in Fa La La why is he like this https://t.co/eiEKIdQcKm,

Bro tripping. I'm loggin off the tl now. _Ù÷_‰ÏÎ,

Im there for you all the time but where are you when I need you the most,

@racheljoness_ Come to the library,

I liked a @YouTube video https://t.co/nH4UICSijq BLACK VEIL BRIDES - IN THE STUDIO - PART 04,

The Bird and the Worm  q voz cute mds,

@marlikaufffman Enjoy the silence while it lasts :))))),

I am big! It's the pictures that got small. _Ù÷ø,

You were the first and last person I ever trusted.,

@SuperheroRoxi #OOC Dallas comes to Atlanta for the NFC title!,

How the fuck did I get a splinter this is not 2002,

My nails are in the shittest quality and it suuuuucks,

@candysroses9 the fact that it's so convenient when you're running late _Ù÷,

I will say this.    Thackery is the first of my characters to have sex. https://t.co/ybPuJuV7V8,

 @Schweinmaster @Lynnmott2 he has done a sub par job at that. Sorry but no CBs buying players and then selling them one year later?,

 Why can't we go back to old slang like cool beans? And tubular?,

 I Just Voted for @onedirection for #ArtistOfTheYear Go Here https://t.co/m0b5CYWJsz and Vote for your favorite! #AMAs #OneDirection xc,

 @TJ_DFS and I will share our best #dfs #fantasyfootball lineups weekly on our podcast coming out this Thursday night. #dfsgarage,

 @MichelleAltman1 Laura &amp; Anna need to become bestfriends as Luke and Robert were. #GH #Lauranna #Generalhospital @finolahughes @GenieFrancis,

 @btsportrugby ask Jonah about Joost vd Westhasian and the 1995 final. #bravestplayer,

 the tip in the yummy and small pussy pink mmmmmm rich ass https://t.co/eio6i6Dz6s,

 BREAKING: #Election #Tribunal Sacks Speaker And 20 House Of Assembly Lawmakers In #Rivers State    Elections... https://t.co/eb4GcEFZI9,

  ,
 many thanks to @OttawaPolice for the help this am after my wife's car crash. The PCs at Tenth Line station were especially helpful and kind,

 when we finally get an @KalinAndMyles and @AustinMahone collab... https://t.co/7rltWjPIQO,

 @DanFrakes @viticci I don‰Ûªt know. Lots of Jetsam events per week and I close apps.,

 *laughs and cries at the same time cause true* https://t.co/q8nX6iNfRL,

 15 days till Vegas and seeing @claytonharris_ _ÙªÎ_Ù__ÙªÎ_Ù__ÙÎ‰Ý_•ü,

 Facebook  If you're an artist and want exclusive beats for the low go checkout my  https://t.co/5ZZ92SIRYL https://t.co/1rwvvJjijY,

 @joshybanyard the manager and the chef couldn't agree on what hours for me to do. It's still being sorted but everything else was pretty,

 You a side chick and don't even know it. _Ù÷¦,

 @ggreenwald @AviMayer no i wont. Im against all kind of sanctions. You don't know me my believes and disbelieves. And I really believe the,

 @didUCnick pagano on the hot seat and irsay and gm got into heated arguement,

 Visualize what you want and you will get it.,

 @George_Barna thanks for the follow and the work you do. Blessings!,

 ‰Û÷5LOL Podcast: Same Old Lions MSU undefeated and U-M Halloween costumes‰Ûª on #SoundCloud #np https://t.co/OtgH9u82YM,

 @doctors20 a difficult issue but we have a project with diabetes and it is working quite well @SEPAperiodoncia #doctors20,

 They will probably ask Lord Lloyd Webber to round up some of his tax exile friends and sign them up. https://t.co/X1AFMu2MsE,

 And our professor is always shutting him down lol,

 @DorvalTony And under the Bush is responsible for 9/11 theory Harry Truman is to blame for Trump plaguing us now.,

 Halloween party gig this Sat night at The Islington in London! Me and Imperial leisure! https://t.co/OeksGYwe4a,

 @SanturriLauren and wanted that's how I feel _ÙÕ¥_ÙÕ¥,

 @Kurt_Wirth And gay rights and smoking and many many other things.,

 And to d fulani politicians supporting d evil acts of the herdsmenhow has ur education made u different from the nomads?just spoken english,

 @MagnaCarterLive @FTRSLilBroey @dawgsports but Tech isn't a rival and that game isn't important to them and they don't think about it and,

 Netflix And Chill Song - Nick Bean (Official Music Video) https://t.co/8kaX5mw8J0 via @YouTube,

 Greg Hardy should be punished for his actions? There's nothing wrong about wanting to win football games and being mad about losing one.,

 Life changes but friends don't. Miss you and always love you brother @SantiJaramillo,

 @MAD_Hippies As expected it is running a month late and won't be done until Thanksgiving.,

 When people say they're eating healthy/Paleo by taking the bun off double bacon cheeseburger and eating turnip french fries......_Ùªã,

 Wouldn't you figure... With all the added hormones and what not. https://t.co/otLTi96X1Z,

 CJ is the man with the plan and his plans are always flawless. #TeamCJ #MRPI2015,

 Just saw Mr. Fox texting and driving _Ù÷¤,

 I hate when you argue with someone and they won't shut up and keep going on and on.,

 When will people realise that u can't say ur gonna change and be a better person over a hundred times _Ùªã‰Û_•ü,

 @shelbymcwhorter and tired of being hungry,

 @sadsackjetsfan @crazyindapeg @hustlerama q and eh,

 wow NOW he's talking about things. ELECT HIM and well you'll go broke at home. https://t.co/M2KGLSsNqv,

 @ZWBennett @RossBatko is NORMAL. If you didn't have incidents between players and never had anyone getting upsetX your not winning games.,

 @RLewisReports I'm so glad I never got into LOL and only have to deal with NIP magic in CS,

 T2: barriers to change in no order:  Leadership deficit   Lack of resource   Political and economic factors   Skills  Planning   #CommsChat,

 I only just woke up and I am still tired. _Ù÷«,

 8 hours later and we have new gutters_ÙÕÛ_ÙÕÛ this took way longer than it should've,

 Happy birthday big balla! Hope you have a great day. Love and miss you sis @BigBallaWood,

 maybe someday I'll grow up and get a wordpress... https://t.co/olAVgEWf5g,

 Patrick stump was just as beautiful and talented and worth your time before the hiatus have a nice day,

 Working with the fourth dimension like magic; hacking the system and accessing cheat codes.,

 If I can't smoke and swear I'm fucked #TPB,

 Why does Kian look so different in the new video and he looks so fucking hot!!!!! @KianLawley @jccaylen https://t.co/Ep5VJCtNFd,

 @Lovely_Hatred2 He hugged her and smiled softly.,

 microsoft makes applications smarter with Project Oxford updates: As the cloud and mobile computing revolution... https://t.co/Bdl2IwEu95,

 There's a certain wrestling website I frequent and every time I visit it they try and talk me into also visiting a porno website.,

 Here's a shoot I did with @seanmcgowanuk this morning. He even walked on water and everythin'!! https://t.co/NodiNji8h0,

 A savage can only be retrained from savage actions by good law and good law enforcement.-THMLF,

 If I meet my ideal womanI want to get married straight away.And start making a world of just the two of us ~GDragonBigBang,

 How can I get any work done? I can't stop watching this over and over. https://t.co/9GvLGdVIqr,

 Tips and Advice on Spy Phone ‰ÛÒ Highster Mobile https://t.co/029fj3OrKc Get any Spyera Pack with a 20% discount.,

 @abbas_hashi bro wait and see once Dirk retires Justin Anderson is gonna lead our team _ÙÕø_Ù÷â,

 I love @alextichenor and I hate @SPLally,

 @mitchellvii @Rusted_Ovum: Iowa winner is meaningless. Ask Huckabee and Santorum,

 saw a @stefanbednar lookalike in Finsbury Park this evening and got genuinely excited for a few seconds.,

 Flying with my arms up and fingers folded behind my head to battle the adjoining manspreader with my armpit stank.,

 Shoutout to the motherfucker who stole my glasses and cracked my iPad. Go fuck yourself.,

 Without that badge you a bitch and a half _Ù__Ùá,

 @sportchippers @BBCRNS you started the show with 'please phone in and tell me how close do you think DF is to the sack?',

 I see women with a 2 goals trying to catch a guy with a career. Stick to roadmen and fantasising about getting ran through by Drake please.,

 @skookerG @gigglemitz I stood next to Trump once. He does stink! That gross intermingling of BO and his slave-labor produced cologne.,

 Qatar should have a law like the #UAE. Anyone who disrespects the people and their government should be arrested and deported.,

 Jumping out the uber and I'm shooting at the lyft.,

 Rob Zombie's HALLOWEEN 2 is on in the break room and I don't want to leave,

 And to think there's people out there selling these drugs hoping to create addicts and ending lives just so they can make some money,

 None of my friends are single anymore and I'm just a bit bitter,

 @snipeyhead @mattmireles @cindygallop @aweesan I'm down my days just got a lot more available! Let me know where and when!,

 wonderfully effervescent piece about AAM and Gilbert but terrible spelling of schtum @FT https://t.co/biJlepeIWg,

 If someone tells me I have great energy I don't care. Plz give me a chart and some parameters?,

 @Bonn1eGreer Cameron could choose to sidestep the HOL. What problems are afoot between #Tories and IFS.,

 but i snarled and made claws and stomped like a monster and the kids laughed!! she handed me the tape v carefully so i wouldnt touch her,

 It's only Monday and I already know it's bout to be a good weekend,

 @JackJames191 in his interview he said he took a wider line in order to get better drive on to the straight and Marc dident have to keep,

 I hate feelin jealous and or envious . But sometimes I can't control it .,

 The Word of God     Luke 13:18-21     Jesus said What is the kingdom of God like? And to what should I compare... https://t.co/09mceZt3Xr,

 @SquareEnix years I have been with them and they do nothing to fix your subscription!,

 GIZARA Getting A 2nd Wyfie and U still Single .,

 basically suing a bank because they said fuckyou mikey you ain't shit and i was like fuckyou MO _Ù÷_,

 Awendo CDF chairman says those dustbin each cost 10K and not 75K reported @bettywaitherero https://t.co/LeSFyrC2O0,

 Let's Raise Hell In the Streets  Drink Beer And Get Into Trouble ‰Ï¬,

 Bow down and your coffers will fill with wealth. #SaasSaas,

 Shoutout to chem and world civ https://t.co/WrogQfqfZU,

 I just saw nikko hes alive and kickin of anyones wondering.,

 @itstcclcte Princess I see this and your retweets is everything okay?,

 about to clean and gts.,

 That was offensive and lame. A double offensive. Get out.,

 If your car is making an annoying noise there is an easy solution! Just open your door and push her out.,

 @fuckreece @Speeedy46 @pwjverrill Tempted to get a really early train up and come home early and not drink (somehow),

 @HillaryClinton You forgot to add murder liar and cheat.,

 aiDEN IS COMING TO THE NETHERLANDS THIS CHRISTMAS AND IT WILL BE HIS FIRST SINTERKLAAS IM CRYKFN,

 PNAS Science for a wilder #Anthropocene: Synthesis and future directions for trophic #rewilding research @EcoinfAU https://t.co/2tdxISWPfG,

 Garrett Kuppelmeyer is trying to get another band for a gig tonight at Stella Blues is anyone down to link up and... https://t.co/QFgXy4fQYb,

 6-0'd Jacq and then he dashboards lool,

 #FootballPlayersInPublic _Ù÷â everyone go ch cknout @KianAndJc new video !!!_Ùö_Ù https://t.co/tv8bHDRtw8 subscribe and like ‰_•ü‰_•ü‰_•ü,

 3:58 boarding time on Excuses @united airline. Where wasting your time and wrecking your connection‰Û_ https://t.co/xmvA0ZnBjf,

 These 6 apps are free and are amazing... https://t.co/zjvuFe2NGw https://t.co/pYr8S9gDcV,

 @cblunt58 @JeanValjameis very true I can also attest for it being harder to remember the snap count when you're young and thinking a lot...,

 why does pitchfork only like music by grimes and sky,

 There you go @sarahkollas. And it's purple too!! _Ù÷Ä https://t.co/8nVIpKJOrx,

 Big data and medicine. #ANES2015 https://t.co/cxjddKGOjB,

 When u want something so badly that everything else fades away and that one thing is your entire world... You know you will succeed,

 diamonds and denim. https://t.co/Vq1vi3hPDX,

 Focus on being productive and not busy.,

 You don't know how dumb and dog shit SnD kids are until you play with them.,

 @TheCatbird_Seat @JRFegan Would either team consider something around Sale-Arenado&amp;Cargo? And could Quintana&amp;Prospects get Arenado?,

 Spectre world premiere: Daniel Craig and his co-stars certainly looked like special agents in their sophisti... https://t.co/GDH22Tm1DS,

 GreetingsTwitterPlease help me to get my book exposed to 10000 Men as it is changing lives and making a difference https://t.co/Zmu0Tll3v6,

 Cramping left and right,

 @honeyhoneyband @amoebamusic Would if I could! I have to sing pumpkin and Halloween songs for the youngens. I can't let the kids down.,

 If you want to solve multimillion dollar problems start at making math easier : https://t.co/ukCImiX3R5 #entrepreneurship #math,

 briana and ashton are everything,

 @WendyWGlobal @GabesGolf @AtchisonDon The old boys golfing and workin the mowers at Holiday Park would be not to pleased. Bad for golf.,

 glad to have a nice chat despite crazy amount of work and the unholy time,

 @camerondallas I HAVE YOU AS MY SCREENSAVER AND NEVER REALIZED IT PUTS YOUR FACE IN THE 0 BEFORE IM CRYING_Ù÷â_Ù÷â https://t.co/YlZC72X97y,

 Shoutout to my boy @yaboi_stvns he's the cutest person I've ever met and Ik he will push through the awful thing that happened to him _Ù÷â_Ù÷â,

 Debating weather if I should take a nap or stay awake and do hw,

 Photoset: mavieaveceux: graceless-goddess: I really am my parents Miracle Baby. Years and years they tried... https://t.co/xASQkEByWk,

 @arch_369 I wanna get it started and finished tomoro then prototype my flash game and then get the graphics started for it.,

 @Realerr_ bitch better sit back and watch me clutch it lol,

 Wanted to check something in the WrestleQuest story and it was quicker for me to look at someone else's video :D,

 Just tried my halloween costume on and it's makes me 6'9.... where do I sign up to the NBA,

 I once drank 2 litre ya Mageu and ate bananas + peanuts and that girl didn't show up.,

 my deepest prayers and condolences go out to all the people in Afghanistan and South Asia that lost their loved ones in the 7.5 earthquake,

 @kidney_boy @EMtogether @NodakEM @MDaware @hswapnil @toothfairy4you Captain Nephro? The Renal Ranger? Glomerulon the Great and Powerful?,

 And me and my best man @SeanPanache. https://t.co/m34W6JCEpI,

 GSI Super-Quality Multi-Function Mini DV High-Definition 3MP Camera/Camcorder/Webcam/Voice-Recorder for‰Û_ https://t.co/DFo4qdk26i,

 @Aisha_barix I watched it online coz I was bored and fam just it's the best/worst episode ever,

 _ÙÓ« LIVE - @collxkelly is broadcasting on #YouNow https://t.co/tceU74iOk7 COME AND WATCH SHE'S AMAZING https://t.co/HVQw4Sb2Ql,

 THANK YOU! MY DEEP APPRECIATION.....I LOVE YOU MORE!!!! KISS AND HUG!!! https://t.co/cigMHPRqgW,

 Green bean and lima bean https://t.co/4kOmCQAQow,

 @iamKennyHolland just wanted to remind you that you're so talented and I love you so much _ÙÕ_,

 @RTD_MikeBarber I'm not arguing with you I get it but it's not working and really not much practice needs to be devoted to stopping it,

 @ffc1987 still new to Twitter but enjoying it so far! And 2 ffc legends following me.,

 Roll me a skunk @Mizzpurple01: Now High and Ready to tweet,

 @HSBC_UK_Help me debt free but for some reason you don't care. I will be calling you call centre and demand to speak to Davey Drummond,

 @BTCare and now your help line hangs up on me!! Unbelievable!! Can I cancel my contract as your not delivering a service,

 Now we in the basement and we working on the phones.. Now we in the basement and we working on the phones man....,

 Let Becky turn on Charlotte  Add Sasha and Becky to the title pic  Give Paige her feud with Natalya  SS saved  2 great matches,

 Just watched the MotoGP from Sunday!! Rossi and Marquez battle was fucking amazing !! #TheDoctor #46,

 That's enough squirting spooning and fiddling    Cheeky dinner date,

 Officially registered for my first Half Ironman. Time to get training and smash a tough challenge all for a good cause _ÙÕ»,

 @33_toby they're often on Gold and Dave,

 Glenn is dead and they don't even know it smh,

 @TrishIntel @trish_regan Jennifer Lawrence might have a differing opinion. And the proof to back it up.,

 I'm on everybody case today. Try me and see.,

 A few tricks in a local skeyt park with a good atmosphere and good‰Û_ https://t.co/Ayj9NfvbmG,

 @BRogers789 well if Wes Parsons Deron and Dirk miss the whole season we won't give up the pick to BOS. Think we'll be between 41 and 50,

 Rush today exposed the Elites Right and Left. Working across the Isle has only advanced the Liberal Agenda! It didn't work then won't now!,

 USPS is trash. Update your god damn tracking already and deliver on time.,

 moto stack cool and all but everyone seems to have the so there they have to _ÙÔä_Ù__Ù_»,

 Replace Karl AT with Stanley for ROY and Russell with Mudiay for 10 dimes even though there isn't a‰Û_ https://t.co/WctK4bOYRT,

 Being Childish And Ignorant Got You This,

 we gon bust it down and split it,

 I thought the @lithespeed theme @ #AgileDC was spooky not smart and beautiful ladies as it seem to be :-) https://t.co/lpirpIhLGn,

 @EpistolaryBrown (and... again... why do my replies always migrate on your tweets?),

 #WeLoveBrad #TeamVampettes : Harry_Styles thank you for being so genuine and an incredible human. You're so selfless and humble would you ‰Û_,

 Someone has to sit me down and tell me how much of an idiot I am,

 was really looking forward to today and now i wanna jump off a bridge,

 @PaulHeatonSolo and @atomic_box received my copy of Wisdom Laughter and Lines. Can't wait for Friday in Sheffield https://t.co/J1Tfi0sR16,

 @mariahayoung and the info you gotta write,

 @Monarch booking number: J54DNC and contact number is 0433355207,

 @JaySmooth2k12 @DarianMalone35 @DevonMitchell6 @AllDayCJay bro I could've slept on the truck that night and it would've been A1,

 // @malumrrito // whenever I see your @ I think of burritos and I love burritos and malum,

 #WeLoveBrad #TeamVampettes : Harry_Styles    ‰I like causing trouble up in hotel rooms  and having secret little rendez vous  So I'm perfect fo‰Û_,

 Chris Duval's show well underway and great music as always! Check it out https://t.co/ajmGNTMOC7 https://t.co/spHKAvROSt,

 @Detective82 No ! He's a proper centre half. Reminds me of Keown. He v pacey and takes no shit whatsoever. Love the guy.,

 @Naveollirg I heard it once going to buy it and play it more thoroughly in my car _Ù÷ she's amazing,

 @DaynaSharp_ mould killer gets yih real fucked hahaha and don't ruin my buzz,

 @jaysta1979 @UKRunChat in the same boat mate. Did Tunbridge last year and was great tad hilly. Will be doing it again.,

 #WeLoveBrad #TeamVampettes : Hi Harry_Styles _Ù÷  sparksflylarry 's birthday is today!! _Ù_â  so can you make her dream come true  and follow her?‰Û_,

 The Most Controversial Hacking Cases of the Past Decade: The Computer Fraud and Abuse Act also known as the f... https://t.co/8tljVcs3gK,

 October 26th and I've just seen a house fully Christmased up don't want to see their electricity bill #onceafinancialadviser,

 The glochidia are sort of like parasites but don't harm the host fish (usually) and drop off to form new mussel beds. Watch the video!,

 my life is complete now that @MoniqueD__ and @ahook817 are fallowing me.,

 Got 100 on my first pop quiz. Currently looking for publishers on my novel about the struggles and success of coming back to school,

 @gottabe_KD2 @HockeyBabbler hasn't the media and fans both been very tough on P kane? They certainly have from what I've seen/read,

 LGBT Folks Not Happy Hillary Revising History On The Defense Of Marriage Act https://t.co/fGgEiWiND0 via @WeaselZippers,

 And doing a power of good. https://t.co/0pdajhPi05,

 Just reading about the 'red card and a penalty' debate. Dangerous to tell a defender you can bring him down every time it's only yellow!,

 4 people followed me and one person unfollowed me // automatically checked by https://t.co/PEoTzNwjMe,

 @KyleStrobel @davebish @DZRishmawy try this it's a look at justification texts in particular in light of OT wisdom https://t.co/KwL9TvB9dq,

 @UtdBayan man wakes up man has cravings for chocolate and sweets not fucking olives,

 Put two and two together drake is luau dancing in that new video... Or kind of... Only possible thing that makes sense.,

 @dReeaLL yes indeed and maybe a bit of maturity and maybe people should stop acting like freaks over the internet that would be good too,

 @rugbybedford @RugbyUlster_ @rbs_6_nations @ballsdotie and England of course! And Scot and Wales and Italy!,

 @whoevenislauren I RESPECT YOU AND YOUR CANDY PREFERENCES,

 @MarsxPrincess @SupraLugia @twitter @supra @donaldglover he deleted em all like a year ago and never tweeted again,

 @JenErin_ he's not dead . Yet but we'll see and trust me. Him and Rick have gotten out of way worse.,

 @PlanetRadioTV #PlanetPower please pray me Danger by Mystikal and Connect by Phyno,

 my parents have payed for a 2 week food shop new clothes 3 meals out and a 1l bottle of Smirnoff can they visit every weekend please _ÙÕ_,

 What does Snow White look like? And is there anyone who looks like her?_Ù÷â_Ù÷â_Ù÷â,

 Brain decided to remind me of the ending of HIMYM and how i finished the show and now want to cry and rewatch it,

 Our lady bitches are way sexier then North Scott lady bitches and they about to whoop lancer booty cause we have bad bitches.,

 my most and last favorite role at work continues to be 'surrugate thinker-through of things.',

 @OliviaEleni I couldn't be rich and unhappy tbh I'd just buy something new,

 Lovie calls a reporter by his first name like they're pals and they let him off the hook for the millionth time.,

 Loved that Les and Paul scene #EastEnders,

 sometimes i remember dan and phil slapped each other on camera before and laugh https://t.co/v4OQ4fcflf,

 @ZakMcc Had the why do you play [competitive game] if losing at it makes you so angry argument yesterday and I think it's the same problem,

 Apparently I'm the only member of my suite who doesn't like living in filth cause I came back from break and the place was FOUL,

 This frighteningly smart office building knows exactly what you want when you want it https://t.co/Yo47FfrufZ,

 Tom Brady gives zero you know whats about a Twitter avi because he's just going to kick your ass on Sunday and that's really it.,

 I have to say: People who get het up about women being cast in 0 roles (Ghostbusters) and Black actors being... https://t.co/RYE4u9RKAP,

 @BrownhillsBob @NJHag no I want democracy and not where peers of patronage beats an elected chamber I am a democrat &amp; this is not democracy,

 4th Floor Files talks with Christie Pontis about candy bags telecom issues and the American Dream https://t.co/dhk0RKScWt #FlaPol,

 Cotto get hit he turn into a different fighter. Cotto gonna start out fast...but Canelo gonna lay the hand of God on him and turn the fight.,

 When she say go have fun with your other girl and you and her aren't even a thing https://t.co/vKVO16SerX,

 I'm making sweet love to you baby. Go ahead and take it off  Let's get naked _Ù÷È_ÙÕ_,

 Unify provides unique experience and discusses future of mobility during Futurecom 2015 | Unify https://t.co/nzZSitiWbp,

 @joshtweeterson @JohnBishop71 Any chance Nebraska goes out and gets @Coach_Leach? In my dreams. +2 and trending up.    https://t.co/OQjd22a5yZ,

 @B_thewave yea it's a wrap if all a chick can bring to the table is looks and some sex. Shit doesn't hold any value. Only cool for a second,

 @lucyhinton1 I might see if I can try and get a ticket on here we will have to meet up soon anyway_Ù÷Î,

 @glenn9oo Guest Soundtrack and chill,

 @Wu_Tang_Finance Coincidental that MO CO WI and PA all pretty low with large brewers based there? TN with Jack Daniels is the highest?,

 Ppl and their lying _Ù_¨,

 I looked at him and said: Donå«t you fucking do it...!. https://t.co/TvDMnukM8x,

 You used to be my homie and now you act like you don't know me,

 @bambrewer almost won and next year has been the theme here at Syracuse for ten years .. No one has vision beyond next year,

 @lockwood_austin @HGRedmond I still failed lol but came back home and made an A lol I blame the teacher,

 There's always that feeling that you know you could do something and everyone you know would instantly stop talking to you.,

 All you magazines and writers y'all suck dick. I hate a lot of the shit y'all do... So we really up next and we really for the culture.,

 @D9Sibley what biscuits do you have? I might have to pop round before your shift and borrow some #theybetterbedelicious,

 I appreciate the coverage ... and probably the first (and last) time I'll be called a pretty voice. https://t.co/ah1kFyFULP,

 @XavierLeon__ fr like wtf are they taking that they just can't fucking dye and busting through doors?!_Ù_Ó_Ù÷©,

 Lets not go back to thug U love him as a player and would probably be a good fit on the coaching staff but not HC https://t.co/7RFdsGCQNT,

 @ThinkSally I've created a gym monster and I'm proud of it _Ù£_Ù£,

 @TaylorD_Moore great to see Olsen back in the team and rewarded early on! Look forward to you being back in the squad... Soon!,

 @krismmmrobb okay but only if you buy cookies and tea and also you gotta put the stuffing back in the couch when you use it _Ù÷ @carbazzare,

 The power of data and business intelligence? Map pinpoints 30 million adulterers caught in AshleyMadison hack.  https://t.co/bB3CcKyAHm,

 @farhm22 frank support the cavs they're going to win the championship me and tails support them,

 Obama's veto threatens National Guard and Reserve readiness https://t.co/6hVWVuKMpZ,

 celticfc: 60 Nesbitt down after taking a sore one in the box and requires treatment,

 It's crazy how many people still stand behind High School Mike Pettine. 23 games now and his defense has been DEAD LAST against the run!,

 @cherrysparkler @sammye99 and its great. And sorry for clogging your TL up lol,

 Stop slackin and bump my self produced joint Exodus https://t.co/DnxezdOSJw,

 I'll sit and I'll smile as you tell me about your new girl.,

 Unfortunately my mobile phone has some issues.... Therefore I couldn't post as much as normal on twitter and instagram..#sorry,

 @JayRocksSon now I just need his millions and lyrics,

 —_Ò¦ Tonight @9:30pm EST —_Ò¦    There is a special info call led by a holistic nutritionist and triathlon. I believe it... https://t.co/O9c6Zme8B8,

 Pet Negros like Ben Carson Puff Daddy Michael Jordan and other rich anti-Black Negros only want prosperity for their rich asses.,

 @havodadlegolas you tell me time and place and it's a date _Ù÷â_Ù÷â_Ù÷â_ÙÔ_ÙÈ_ÙÔ_ÙÈ_ÙÔ_ÙÈ getting in from work at this hour _Ù÷±_Ù÷±_Ù÷±,

 celticfc: Lovely football from McIntyre's side. Nesbitt sends Breslin scampering to the byline and his driven cross is slid home by Hendry.,

 Ishmael II 5th Avengers Birthday Party  Aiden and @jainedhoe giving the Hero his birthday present..‰Û_ https://t.co/Q0OcWuBN4p,

 @hannahlee_42 @Kenziereelgril and I hope you kenzie are happy to,

 Happy for this holliday im gonna give the best gift and pay my bills my creditors will happy and so will I https://t.co/5XsCj2n5DU,

 Theyre getting fucken skinned and getting their testicles cut off without anesthetics like whaaat the fuck,

 only thing that draws my attention is: very rich king and his country and his very vary poor buldings https://t.co/YCFqk5Ebpd,

 @alienlock im so mad ive tried everything and its still not working,

 @linda_broadbent   Good evening Linda I hope you are well and enjoying the chat,

 It's amazing what you see when you're out and about on the old bike. #modernliving @ De Beauvoir Town https://t.co/9P9C5SkHMM,

 Accept it and move on,

 @JohnnyKorp I know this is about me and yes I do appreciate it!,

 Lock Stock and Two Smoking Barrels vs Snatch in a movie face-off?   Tough choice.,

 Anyone who was a fan of DragonForce's Through the Fire and Flames should take up more power metal. It's all that good.,

 @MetinV4 giants have their qb and best wr and look like ass offensively while the cowboys are starting to get healthy.... yeah giants.....,

 Success comes to those who have the will power to win over their snooze buttons and withering away of the... https://t.co/UEX4PhXNO2,

 Lmao this is fake as fuck but just to think someone actually believes lives are worth a paycheck and tips https://t.co/ZSgWoFj7U5,

 @Taylorrenee3513 it's a reflection on modern society as a whole the curves represent how we the world revolves and how we are united by it,

 @DStv hi.. My decoder gives me problems.. It just started scanning and stopped.. Now its off again and just flick the red light.,

 Best decision Texas Tech ever made was not going out and ‰ªÈ•ü just getting some guy just bc he had 10yrs of coaching..but instead hiring Kliff,

 There are people you came across earlier in your life and you still regret the mistake of knowing them.,

 @MichaelSanchize I really think Cristobal should get a shot. Dude can recruit and put FIU in a bowl game. Lol,

 Spectre world premiere: Daniel Craig and his co-stars certainly looked like special agents in their sophisti... https://t.co/QGZCzlCt6h,

 UM apparently had the money to do it and will have the money to offer its next coach upwards of 4 million a season.,

 EVERYDAYILOVEYOU Forevermore    and what makes it last    #PushAwardsLizQuens,

 EVERYDAYILOVEYOU Forevermore    and what makes it last    #PushAwardsLizQuens,

 EVERYDAYILOVEYOU Forevermore    and what makes it last    #PushAwardsLizQuens,

 @hmkyale Careful pt selection presumably key- this isn't for everyone. Plus procedures to keep pts (and staff) safe from these problems,

 Jose Mourinho charged by FA for referee rant and could be banned for game that decides his Chelsea future https://t.co/uz46DuZS9H,

 When your mom takes your car fucks up your plans and wastes all the gas. Thanks,

 And Wyatt Reigns would be a classic were it not for them not having much of a story surrounding it #WWEHIAC,

 Let's face it Ray farmer is horrible and maybeif we're lucky a new gm can turn it around in 3 yrs. #blowitup,

 Dominoes and no pizza,

 I just love my job and helping kids reach their goals! https://t.co/RM7K8mUCZS,

 I want chik fil a and its not sunday,

 @rvpisarapist my players literally give 110% and show great character until the 89th when they go full upsyndrome,

  ,
 my happy ending is just me smoking a cigarette and letting everyone else's bullshit fly pass me.,

 @TaintedOphidian That made him chuckle and he kept his arms around her middle as he let her place kisses along his jaw. You better-,

 Got a new phone to doodle with and a huge crush on bowser https://t.co/EUyVqlCxij,

 Remaining the Dark Side of Internet Affiliate Marketing Along with beautifying its site and growing https://t.co/RIY6Ow1ymy #uncategorized,

 @pats4Iifebb If I'm not mistaken jets controlled parts of the game very well and if B. Marshall catches that TD pass it's a different game,

 @RACYCLES fun but sad when think of what happened there and how a great Olympic Bob Sled fell into such disrepair,

 Jus laidat_Ù÷Á_Ù÷¢ @TweetLikeNICOLE: Awww *puts ur head on my chest* @Alpacino_jay: Forget the brags and shii i get hurt easily cos i'm too,

 @profplum99 false. My chart clearly adds both part and full time. I am right.,

 Hedge Funds Smell Blood in the Student Debt Market https://t.co/GgjjO3Jbfn via @iimag,

 @sirkhens eish meant dumb* lmao fuck around and get DUMPED!,

 @Bayweeee_ yes! With a balsamic glaze over it and it's really good,

 Amber Alert issued for two small children missing from Billings https://t.co/y2NY9rJYvq via @helenaironline https://t.co/9DqE2nrlPs,

 really cool look age and height? #icmyas P https://t.co/1EGIIWUV6R,

 If I want her I'ma get her and I promise that,

 I quite like the look of the Joker. It's something we haven't seen before and I can get behind that!,

 Carson said on the record in an interview that he doesn't believe in the united nations and would end the US's participation. Not a joke.,

 I start missing you and then remember all the shit I did for no reason and that just makes me forget...,

 my reaction to CBC NN coverage of red meat causes cancer - I was not surprised at all - and it made me hungry. Is that wrong?,

 I can't be touched and yall just can't keep up,

 @Drink_it_eat_it I know two spots for wood blewits that seem to produce year on year. Other places have fruited once and then never again.,

 We're learning about how to chat with the librarians &amp; I told the guy next to me to ask you wearing lace? And he said no that's weird_Ù÷â,

 mints and chocolate should NEVER be combined,

 As always thanks for the speedy shipping and great products @deering_banjos _Ù÷Û#banjos #Deering‰Û_ https://t.co/R58Ke2ROom,

 mike drop by @fadoobobcat to a caller ripping too much @bluejays coverage you're and idiot good-bye #classic,

 She say that she don't suck dick well let me call your friend up and I bet that bih will show yo ass how to do it,

 And the Profound Learning Model gets students Future Ready. #learn71 is working on this with help from @tomrudmik https://t.co/EoAujCMzVv,

 @Atticus_Amber @ronjatimber @RichardDawkins fast food is unhealthy and icky too. Is it immoral?,

 EVERYDAYILOVEYOU Forevermore    and what makes it last    #PushAwardsLizQuens,

 mAKE SURE YOU GUYS GO OUT TO @MIDNIGHTRECORDS AND PICK UP THE NEWEST - LATEST IN HIP-HOP APPAREL - MUSIC 3108399455 https://t.co/pHNkmihYwZ,

 @LallaBae Hello there and also thanks for following me and welcome.:-),

 @jodyarmenta17 I know but go check it out again and look @ what I said,

 Hey Wasp Barcode Thanks for the follow! Happy to Engage on #Digital #Technology and #Entrepreneurship.,

 @strictmachine Found mooshrooms at -6700+4100. Dragged 3 back 99% of the way and then 2 FELL IN A FUCKING HOLE AND DIED. Ergh.,

 Niggas swear up and down they solo but stay 4+ deep _ÙÕÛ_ÙÕÛ_ÙÕÛ,

 All these lights and markings each carrying a specific meaning _ÙÔÎhttps://t.co/PgvbTkNT2f #aviation,

 Audrey Hepburn Frank Sinatra Mia Farrow and David Niven Have All Lived in This Holmby Hills Mansion https://t.co/vSWZCbzUHT,

 Uploaded this yesterday and its already killing more than half the competition on SoundClick. #ShopWithDub https://t.co/fDDVWX2stu,

 Audrey Hepburn Frank Sinatra Mia Farrow and David Niven Have All Lived in This Holmby Hills Mansion https://t.co/0kBKM1tDDD,

 The Marketer's Guide to Developing a Strong Corporate and Brand Identity - https://t.co/ppXwRl5SS0 #b2b #onlinemarketing #branding,

 I do dumb shit sometimes and afterwards just think to myself how can any nigga be so stupid and why that nigga gotta be me. Lmfao,

 @skigrahambell @TelegraphSki And why no results on the FIS website? Did they accidentally shred them along with evidence of their bribes? :),

 @TeddyBlowRR Trappers and Rappers will forever be the hypest song of all time,

 @jonessarah2000 I see your positive tweets and I appreciate it.,

 @JusthostSupport to what end? I'm tired of the abuse and lack of service,

 You can have a God given talent and still end up in hell,

 The animated GIF reflective clothing look book is so in this winter (see also HUF and Puma) https://t.co/8QPTxtf7nN,

 I think it's disgusting if you just showered and take a shit and think u still clean.. No go get yo ass back in the tub clean yo ass AGAIN!,

 Lilo and Stitch Bottle Cap Images by CapersBottleCaps https://t.co/NkgcbDcLkr via @Etsy #etsy #digital #circles #craftysellers #stitch,

 Fair Winds and Following Seas to @DDG82 USS Lassen their motto From Courage Life... #presence-matters #Navy https://t.co/Jr5GhfJDk9,

 The hate/love me and @queenfeliciiaa have for each other can't compare to anyone else's_Ù÷«‰_•ü_ÙÕ _Ù_,

 Sabbath is best learned and practiced at the foot of Jesus' cross not when you are carrying yours. @DTSHouston,

 EVERYDAYILOVEYOU Forevermore    and what makes it last    #PushAwardsLizQuens,

 @oakiie *smiles softly and rubs your backholding you against me* your welcome,

 and strong feelings are not a detriment. feelings are not a disease to be avoided at all costs. they're vital.,

 @graveyardlester yeah he probably does why wouldnt he youre so nice and sweet and agakdlskssksl &gt;.&lt;,

 The 25 best horror movies since 2000. (Co-sign on 123 and 5) @TheAVClub https://t.co/6GOg9COiYA,

 happy to see him loved and praised and hugged and just generally protected.,

 @PeterBingle @George_Osborne we are being lead around the forest not through it. investment&gt;austerity. and china smelt our desperation. fail,

 Stupid little bitches love smiling in a niggas face and then blast me when im not around. #DieSlow,

 Turn on the Television or the news and they would have you believe that  women are nothing but little angels who don‰Ûªt like sex.,

 @SainAsylum maybe nothing happens and a few days after it's just announced we got the injured player exception for Jarell Martin?,

 @British_Airways yeah. But my 'pushchair' is a frame and wheels and a car seat for him to sit in. Will this be 1 item and cot a second item,

 @GrumpySkeletor saw this and thought of you https://t.co/ZJinKhwjm9,

 Promax and IBM announce Security Intellligence partnership from the Cloud designed for MKB #qradar #siem #ibmsecurit‰Û_https://t.co/1A0xRtIW3Y,

 The Dangerous Linkage of Government and Science---Ike Was Right - https://t.co/zAoQQvTZCe via @Shareaholic,

 I hate homework like why can't we just come home and chill,

 Queen Mary should have been booked for time wasting in University Challenge.     And not had the beef / chicken points either.,

 Shout out to the girls who friendzone all the good guys and date all the assholes then complain about being treated like shit._ÙÔ__ÙÔ_,

 /// OOC Keep Coming Bitch I'l keep blocking. You are utterly ridiculous. Grow up and get a fuckin' life. If I had wanted you I'd stayed.,

 @Itz_Thulz *squeezes and a gropes*,

 After the game the king and the pawn go into the same box.,

 So much shit in a 2 and a half hour time span https://t.co/0JcJf6oT9b,

 @GarethCambridge @IanMulcahy86 @UberrFootbaII I'd read nothing into yesterday. Rojo is hot and cold but wen he's aggressive like yesterday,

 @YTLizz also think back to the first episode and how rick meet glenn. theyve used blood to hide from walkers before. But thats just a theory,

 One day Yung Lean's guna have kids and a mortgage and stuff,

 EVERYDAYILOVEYOU Forevermore    and what makes it last    #PushAwardsLizQuens,

 @Sassy_Hollie Only been Venice and Florence _Ù÷Û have a good one,

 when ya dick and ya dms are dry _Ù÷©,

 @MarkHaynes and Univerde season 3?,

 it is part of Sydnex inc . And become a person with a successful future. What are you waiting for. Join now !! . https://t.co/bxChkFe106,

 @Monarc_Agency @wandecoal Kpono and monster,

 They say try your best but bitch when you tried your best and still failed the class,

 @acarmelo89 thank you. I can't stop tapping them on things and staring at them!,

 @chuckwoolery @tedcruz @Politics_Matter abrasive and unelectable in a general election.,

 @bdean1981 @tsnmike He was acting out yesterday in his role as an athlete. Wearing a uniform and everything.,

 EVERYDAYILOVEYOU Forevermore    and what makes it last    #PushAwardsLizQuens,

 @kobrakiddlng @HauntedFlesh @aimhbread look into some actual LGBTQ+ icons and then ask them if you can turn gay,

 Hmm I think @NICKIMINAJ and @BeyoncÌ© are up to some diabolical plan to drives us all mad I tell you an I love it _Ù÷©‰_•ü,

 please tell me why its 2015 and I can't donate blood because of the stigma of all gays/bisexuals having AIDS? My gay blood could save a life,

 Waqar bhai us too much he started his journey from burma and now had recently helped muslims in syria @ZakaWaqar,

 Stocks dropped today I think they gonna come back strong tomorrow but do I want to buy doke stocks and put money where my mouth is....,

 @__McCann__ Ones that are faithful through and through then howl like fuck every time we dont win. Cunts were clearly too young in the 90s,

 dunno why that jingle popped into my head and I felt compelled to share,

 Same thing my mom did and said to me _Ù÷¥,

 Off the see Motley CrÌ_e and Mr Cooper next week. Can't believe how fast that's come around!,

 @friarzero there's a lot going on here i think and it's best to just experience it,

 Get 20000 views 10000 Streams and 2000 downloads make your #DATPIFF mixtape standout in 12-20 days https://t.co/ogTt85z3jH,

 @UP10TION #HAPPYWOOSHINDAY feat. a bit of xiao and hwanhee ‰÷ happy birthday u cute dweeb ! i love u so much ! https://t.co/wqBEigw8d6,

 @divergentisms to say to Shauna and Christina as I wasn't leaving you because the last time that I did you had ended up dead in a morgue-,

 We are offering Fall Leaves Mini Session Nov 1. Great way to have gorgeous images for holiday gifts and... https://t.co/P2vX0wV9rh,

 @annegc1 @BenRothenberg And let's be honest Rosol like Soderling before him does not like Nadal himself. Not about rule violations.,

 @doufous @tamdeanburn @UKLabour @JeremyCorbyn4PM @johnmcdonnellMP Yes - and wage going up is the right way to get people off tax credits,

 Im so poor i have to watch Life Is Strange being played by @Rubiu5 and i will admit it is fucking worth it https://t.co/ilZ6DUk2Ag,

 I'm at the front and center on Levo. Making a profile here is a must! @levoleague #levofrontandcenter https://t.co/tnUZxr5O9T,

 @vaid I don't consider his intentions all that holy but his 'congress plus cow' comment is a clincher and captures the current situation IMO,

 @RSalJenn do u know what guys no don't go and don't see a doctor yes I guess she wasn't in her mood that day,

 @JohnDonvan if @IQ2US @RosenkranzBlog decides to revisit the God debate would you consider having William Lane Craig and Alvin Plantinga?,

 Went into HMV &amp; asked a guy if they had anything by The Doors. He said Yeah. A fire extinguisher and a couple of One Direction calendars,

 Rain rain go away come again when I can sleep and not have to study.,

 First time I got behind on @WalkingDead_AMC dodged all spoilers. Now I'm caught up and depressed!,

 Seriously about to juggle two jobs and school,

 I can honestly say @TrulyYours40 put me on kodak bout a year and a half ago..,

 If you have long eyebrows an unkempt beard and dress in a robe you are either a martial arts expert or homeless.,

 it doesn't produce radicalism but rather mutes protest and work. there are receipts.,

 @paterson1903 @Bigparsman which one? Don't think I could pull off the shopping bag to the village store for cider and kids comics,

 Cc @PdpNigeria. Metuh should pls come out and lambast the tribunal judges. We can't just take it. Lmao. Yeye party. https://t.co/kWFOvwoRX6,

 Do Astsgh far. Good night Brother Sister and friends from sindh pakistan.,

 play PND and eat you out - that's what i'm about.,

 There used to be a time when #Rafa controlled rallies made the opponent run pillar to post and chased down balls! Not any more very sad!,

 @Origamyde @BadAttitudeBoy @Truly_Defective Karl Max was a Jew. So was Trotsky and Lenin.,

 Spectre world premiere: Daniel Craig and his co-stars certainly looked like special agents in their sophisti... https://t.co/wtMtST4u64,

 @nattgarun I see you that and raise you this: https://t.co/w3Nm6vyIZm,

 - Man charged with grooming and sexual offences https://t.co/PKUyFB5ktl,

 @SimonDanczuk put brain into gear and check your ego before offending an entire city #JFT96 #LFC #DeselectDanczuk,

 Is it time for a big reunion if bridge win there replay and play Doncaster away in the fa cup @kyledarby1 @HarropMathew,

 And tacos cause you know,

 @aseriesofnights for me it's qt 3.14s and the guy who plays thor... :(,

 @RhosWhiting @NeurolawGuy And sometimes have subsidised bevy and a wee kip.,

 @basedmilly my mom said she was gonna make chicken legs beans and rice so I think ill survive,

 If a person uses a word and you get what they mean then it's a word,

 @feminisms I wish I Was 16 and could drive,

 It's been a few days since I carved Looking to Netflix and chill into the pumpkin on my porch. Still no luck.,

 @scholesmufc93 Not as bad as when they put #NoMakeUp and it's a picture so dark you can just about make out their eyes and teeth.,

 @BarstoolBigCat I got stuck in traffic is a tough excuse to go with when 52/53 people make it somewhere on time and you're number 53,

 You gotta look in the mirror and be your own ambition,

 @iSiinister i remember when you didnt have any of them and you got so angry because i had them lol good times,

 Set de fotos: dukeofatreides: ‰ÛÏIt was a question about duty ‰ÛÓour commitments to causes and to each other... https://t.co/wDmlbCynDi,

 @myers_17_ it's going good and miss you too _Ù÷_,

 @KMGTHEU @PrideInTheU @_QueenLioness_ this IS stupid because I said nothing to the contrary of your tweet. And yet here we are.,

 Awk when U ask to have your advisor switched and they say no and then u have to meet with them ..... Hi.......,

 And now that it's over I'll never be sober,

 @NYDailyNews @kanyewest is he really orchestrating birth of his kid for 12/25 and naming them Yeezus??? truth or rumor?,

 @NattyVeall @Doctor_Hutch them with an o-ring and your knees will be a ball and socket joint within a week.,

 A friendly reminder that UT and A&amp;M are not even ranked while UH is ranked 18th and is undefeated. Thank you for your time.,

 @ntvkenya #presspass  they have just created channels for politicians to use in spreading divisive  malicious and ethnic based politics.,

 When I fixate on a mix concept it prioritises over contracts &amp; label releases.    I just have to hit my decks and express myself _Ù_¤,

 Look at the first ingredient on those and google it...mechanically separated https://t.co/uYgAFVjug4,

 @emcrit #ACEP15 DSI is really just procedural sedation with an intubation as the procedure. And we are really good at procedural sedation.,

 @TheRealStanLee @TheRealStanLee My artist is called Metanoiz. They are incredibly talented and original. I can send you links and info.,

 I wish all police officers just went on strike like they did in Boston half a century ago and let the urban areas who are victims of,

 ..and of course h/t @GlobeSpotlight @jennabelson @GlobeLizK Jonathan Saltzman and Scott Allen. https://t.co/DBXudZzml6,

 @TWC_Help Internet still moving slow and the 5 ghz light is still blinking,

 @LasseLyck yes I know. Wondering if the head of Danish FA woke up one morning and realized FIFA is tainted. Isn't he part of the system?,

 @hollyjoee could be worse you could be Dagenham and Redbridge...,

 @CaptainSparklez @Ho_logie what trick is that and can u do it,

 @Magus1234 you can combo it. just gotta charge early dont do the move and charge after seeing it hit for necalli st hk,

 Spectre world premiere: Daniel Craig and his co-stars certainly looked like special agents in their sophisti... https://t.co/y4UWB6qUaT,

 New pots and strings for my Peavy BXP... å£30. Why have I not done this yet!?,

 @emmkat12 this may be your greatest tweet and that's honestly saying something,

 @diami03 oh really? Cor blimey strike a light apples and pears British accent?,

 @Spj6196 @robertsnell7 @RobelMccarthy @Patriots there's 18games in a season! 6 our division games and the #Jets no matter thei record always,

 Just made 7 litres of soup. New record for sure. And yes we are only a two person household.,

 @Dancouldbonfire Phil moved his hips along yours rubbing himself against you. He held onto you and made quiet noises too blushing +,

 #Vasco captain Rodrigo is at it again! First #Flamengo defender Samir and now #Gremio defender Erazo #quevergonha https://t.co/aupU8GW1na,

 @ByeCorn African Black soap at night and Spectro in the mornings.,

 @TalkTalk_UK and learn some netsec 101,

 Everyone always gives half assed answers to try and not hurt people but it just makes it worse. This is why I just don't bother anymore,

 This kid just yelled at the top of their lungs on the train and I want to die,

 I really hope students dressed as kings and queens for @TheEllenShow instead of Royals players.,

 The shows guaranteed to make you ran faster and jump higher https://t.co/AelwdXrWXA,

 @cracksh0t Last time i took my daughter to this she got scared and kickboxed the zombies jumping out at her. Hard.Hope he wasn't one to them,

 @superiorhowell _ÙÔÈ_Ù_Ä_Ùã‰÷¥_Ù i love your acc so much and omg yOUR ME LAYOUT IN CRYING ON THE FLOOR,

 @ELCEEZUS he knows our generation very well and him putting out that hotline bling MV just to have Twitter meme it was genius,

 my girlfriend and my best friend are all I need to be happy cause they're pretty tight,

 Too much pressure on Rooney as captain definitely not the same player since he got the armband.   Give it to Bastian and let Rooney loose,

 And now for something completely different.,

 @metjeffuk you could be right most forecasters said it would be cold this week and look how wrong the've been!,

 @RogueSquadPod Google is skynet and Facebook is google's version of the T3000! In other words... We're all fucked.,

 Excited to intro 2016 Target Field enhancements - Minnie &amp; Paul's (open to all fans) and CATCH (Season Tix venue). https://t.co/8ME4e9fGgV,

 .@chr1sa @StartupLJackson More like riding the Mobius strip. You're ethical and unethical at the same time.,

 Looks like Beachamp from @_danibatze and @PHSWarriors1957 are up 5-0. #ShoreFH,

 @iamroxxyhaze since '99 and the 00.,

 Carrots and Sticks. #StartWithWhy URL:https://t.co/R4yTitRqeZ,

 Us and them. https://t.co/Rqd59KLUeH,

 That shit that'll get you a set a keys and all the trimmings........... #CajuanPrawns‰Û_ https://t.co/9pNQVO1TAg,

 Heavy contact. Norwell player down. Coaches and trainer on the field #tplsports,

 I'm off tomorrow and so is my barber. Pissed,

 Getting a superstar is a means not the end goal in and of itself. https://t.co/qv8cKepNFC,

 The (rather thin) analysis of the federal election outcome from John Baird and his new colleagues at Bennett Jones. https://t.co/mhjicKravz,

 Processed meat is bad for you?!?! Well fuck me there's a surprise. It'S filthy dirty and disgusting STOP EATING... https://t.co/IytR4bTQkI,

 Seriously love Trent and Justin. Would do anything for those dudes.,

 One person can look at you like your the most beautiful thing inside and out and the next person can see the exact opposite. Just reality..,

 @TheFalcoholic is like the mailman... Because he delivers! #MuteBuck &amp; #BlitzTheBooth on @RabbleTV! https://t.co/BbYsOolD0D,

 @scttpilgrim ive superseded tumblr and pinterest but you should totes follow my instagram for coffee pics,

 @ebwashington @binarybits OEM-owned Car2Go. OEMs and Tier 1s (or future suppliers--Google) likely in best position for AV subscription model,

 @kass_xo was it really that funny lol and how are you stranger lol,

 And Yes Im Toting Catch Em Without My Strap &amp; I'ma Poke Him,

 I think I'm going to move to Colorado for the winter,

 Still looking for the free bar https://t.co/WiQ3VaW7js,

 the junior doctors had civil unrest in london yet hardly reported,

 Bun B saving kids and Ribs!!!...Not all heroes have capes!!! Black lives matter and SO DO RIBS TOO!!!‰Û_ https://t.co/FWg1mK1sHh,

 @legobutts you can do quests and kill stuff while wearing a mask and it'll get you candy you can use to get more masks without paying,

 @TrentWalton @oguzbilgic Spell it out in all-caps and I think you may have a candidate for a new Unicode character there.  cc @EmojiProposals,

 Game faggot and venison loin crisp spelt and quince https://t.co/yvslN17siI,

 Greg Hardy you a good player and all but don't get in the face of Dez Bryant. Learn your place mane.,

 You can miss people and still never want to see them again,
